<response>
    <header>
        <refId>-3959367</refId>
        <operationName>getOnHoldOrderDetail</operationName>
        <statusCode>0000</statusCode>
        <statusDesc>Success</statusDesc>
        <version>1.0</version>
    </header>
    <detail>
        <order>
            <confirmationNumber>0</confirmationNumber>
            <contactEmail>member@caremark.com</contactEmail>
            <electronicPaymentAccount>
                <creditCardNumber><![CDATA[DISC-1445]]></creditCardNumber>
                <preferredAccount>false</preferredAccount>
                <paymentTypeCode>14</paymentTypeCode>
                <exclusivityIndicatorCode>0</exclusivityIndicatorCode>
                <preferredIndicatorCode>0</preferredIndicatorCode>
                <fsaIndicatorCode>0</fsaIndicatorCode>
                <fsaCodeTwo>false</fsaCodeTwo>
            </electronicPaymentAccount>
            <hraAppliedAmount>0.0</hraAppliedAmount>
            <multiplePYBCodePresent>Y</multiplePYBCodePresent>
            <numberOfChildOrders>0</numberOfChildOrders>
            <ordTimeToRelease>2016/12/1</ordTimeToRelease>
            <orderBalanceAmount>30.0</orderBalanceAmount>
            <orderDefaultPYBCode>5</orderDefaultPYBCode>
            <orderDefaultPYBDesc>A pharmacist is reviewing your prescription. This is a standard process to ensure accuracy.</orderDefaultPYBDesc>
            <orderNumber>2284424002</orderNumber>
            <orderOriginationCode>0</orderOriginationCode>
            <orderPYBCode>7</orderPYBCode>
            <orderPYBLongDesc>We need more information from you before we can fill your prescription.</orderPYBLongDesc>
            <orderStatus>0</orderStatus>
            <parentOrderNumber>0</parentOrderNumber>
            <participantId>0</participantId>
            <payAmount>0.0</payAmount>
            <pending>false</pending>
            <prescriptionList>
                <prescription>
                    <automaticContinuationOfTherapyCancelEligibleCode>1</automaticContinuationOfTherapyCancelEligibleCode>
                    <blsCode>13</blsCode>
                    <brand>true</brand>
                    <bsrCode>4</bsrCode>
                    <conflictCode>0</conflictCode>
                    <daysSupplyQuantity>90</daysSupplyQuantity>
                    <dispensedQuantity>90.0</dispensedQuantity>
                    <divertCode>0</divertCode>
                    <divertPriorityNumber>0</divertPriorityNumber>
                    <doctorFullName>CARLSON, TIM SCOTT</doctorFullName>
                    <drugDosage>TAB</drugDosage>
                    <drugName>LIPITOR</drugName>
                    <drugStrength>10MG</drugStrength>
                    <fillDate>2016-11-14T00:00:00-06:00</fillDate>
                    <genericAvailable>true</genericAvailable>
                    <gpiCode>39400010100310</gpiCode>
                    <lastStatusDate>2016-11-14T00:00:00-06:00</lastStatusDate>
                    <multiplePYBCodePresent>false</multiplePYBCodePresent>
                    <ndcId>0</ndcId>
                    <orderType>0000</orderType>
                    <participantId>313654138</participantId>
                    <patientFirstName>LNSRRAUG1601</patientFirstName>
                    <patientLastName>FNSRRAUG1601</patientLastName>
                    <payAmount>337.05</payAmount>
                    <pending>false</pending>
                    <priorPBMRx>false</priorPBMRx>
                    <qdcCode>0</qdcCode>
                    <reasonCode>54</reasonCode>
                    <rxNumber>229958798</rxNumber>
                    <rxPaymentProblem>
                        <pybCode>On Hold</pybCode>
                        <pybLongDesc>Medicare regulations require us to get your consent before we can ship this prescription to you. Either your prescriber submitted it, or it is enrolled in our auto refill/renewal program.</pybLongDesc>
                        <pybShortDesc>PROVIDE CONSENT TO SHIP</pybShortDesc>
                    </rxPaymentProblem>
                    <rxPaymentProblem>
                        <pybCode>On Hold</pybCode>
                        <pybLongDesc>There was a problem with your payment for this prescription.</pybLongDesc>
                        <pybShortDesc>CONTACT US</pybShortDesc>
                    </rxPaymentProblem>
                    <rxPaymentProblem>
                        <pybCode>In Process</pybCode>
                        <pybLongDesc>We are checking inventory to ensure we can fill your prescription.</pybLongDesc>
                    </rxPaymentProblem>
                    <rxPenalty>20.0</rxPenalty>
                    <rxReleaseable>true</rxReleaseable>
                    <status>Pharmacist Review</status>
                    <testClaimFlag>false</testClaimFlag>
                </prescription>
                <prescription>
                    <automaticContinuationOfTherapyCancelEligibleCode>1</automaticContinuationOfTherapyCancelEligibleCode>
                    <blsCode>13</blsCode>
                    <brand>true</brand>
                    <bsrCode>4</bsrCode>
                    <conflictCode>0</conflictCode>
                    <daysSupplyQuantity>90</daysSupplyQuantity>
                    <dispensedQuantity>90.0</dispensedQuantity>
                    <divertCode>0</divertCode>
                    <divertPriorityNumber>0</divertPriorityNumber>
                    <doctorFullName>CARLSON, TIM SCOTT</doctorFullName>
                    <drugDosage>TAB</drugDosage>
                    <drugName>GABITRIL</drugName>
                    <drugStrength>10MG</drugStrength>
                    <fillDate>2016-11-14T00:00:00-06:00</fillDate>
                    <genericAvailable>true</genericAvailable>
                    <gpiCode>39400010100310</gpiCode>
                    <lastStatusDate>2016-11-14T00:00:00-06:00</lastStatusDate>
                    <multiplePYBCodePresent>false</multiplePYBCodePresent>
                    <ndcId>0</ndcId>
                    <orderType>0000</orderType>
                    <participantId>313654138</participantId>
                    <patientFirstName>LNSRRAUG1601</patientFirstName>
                    <patientLastName>FNSRRAUG1601</patientLastName>
                    <payAmount>10.05</payAmount>
                    <pending>false</pending>
                    <priorPBMRx>false</priorPBMRx>
                    <qdcCode>0</qdcCode>
                    <reasonCode>51</reasonCode>
                    <rxNumber>403043347</rxNumber>
                    <rxPaymentProblem>
                        <pybCode>On Hold</pybCode>
                        <pybLongDesc>Medicare regulations require us to get your consent before we can ship this prescription to you. Either your prescriber submitted it, or it is enrolled in our auto refill/renewal program.</pybLongDesc>
                        <pybShortDesc>PROVIDE CONSENT TO SHIP</pybShortDesc>
                    </rxPaymentProblem>
                    <rxPaymentProblem>
                        <pybCode>On Hold</pybCode>
                        <pybLongDesc>There was a problem with your payment for this prescription.</pybLongDesc>
                        <pybShortDesc>CONTACT US</pybShortDesc>
                    </rxPaymentProblem>
                    <rxPaymentProblem>
                        <pybCode>In Process</pybCode>
                        <pybLongDesc>We are checking inventory to ensure we can fill your prescription.</pybLongDesc>
                    </rxPaymentProblem>
                    <rxPenalty>20.0</rxPenalty>
                    <rxReleaseable>true</rxReleaseable>
                    <status>Pharmacist Review</status>
                    <testClaimFlag>false</testClaimFlag>
                </prescription>
                <prescription>
                    <automaticContinuationOfTherapyCancelEligibleCode>1</automaticContinuationOfTherapyCancelEligibleCode>
                    <blsCode>13</blsCode>
                    <brand>true</brand>
                    <bsrCode>4</bsrCode>
                    <conflictCode>0</conflictCode>
                    <daysSupplyQuantity>90</daysSupplyQuantity>
                    <dispensedQuantity>90.0</dispensedQuantity>
                    <divertCode>0</divertCode>
                    <divertPriorityNumber>0</divertPriorityNumber>
                    <doctorFullName>CARLSON, TIM SCOTT</doctorFullName>
                    <drugDosage>TAB</drugDosage>
                    <drugName>Prozac</drugName>
                    <drugStrength>30MG</drugStrength>
                    <fillDate>2016-11-14T00:00:00-06:00</fillDate>
                    <genericAvailable>true</genericAvailable>
                    <gpiCode>39400010100310</gpiCode>
                    <lastStatusDate>2016-11-14T00:00:00-06:00</lastStatusDate>
                    <multiplePYBCodePresent>false</multiplePYBCodePresent>
                    <ndcId>0</ndcId>
                    <orderType>0000</orderType>
                    <participantId>313654138</participantId>
                    <patientFirstName>LNSRRAUG1601</patientFirstName>
                    <patientLastName>FNSRRAUG1601</patientLastName>
                    <payAmount>50.05</payAmount>
                    <pending>false</pending>
                    <priorPBMRx>false</priorPBMRx>
                    <qdcCode>0</qdcCode>
                    <reasonCode>52</reasonCode>
                    <rxNumber>403043348</rxNumber>
                    <rxPaymentProblem>
                        <pybCode>On Hold</pybCode>
                        <pybLongDesc>Medicare regulations require us to get your consent before we can ship this prescription to you. Either your prescriber submitted it, or it is enrolled in our auto refill/renewal program.</pybLongDesc>
                        <pybShortDesc>PROVIDE CONSENT TO SHIP</pybShortDesc>
                    </rxPaymentProblem>
                    <rxPaymentProblem>
                        <pybCode>On Hold</pybCode>
                        <pybLongDesc>There was a problem with your payment for this prescription.</pybLongDesc>
                        <pybShortDesc>CONTACT US</pybShortDesc>
                    </rxPaymentProblem>
                    <rxPaymentProblem>
                        <pybCode>In Process</pybCode>
                        <pybLongDesc>We are checking inventory to ensure we can fill your prescription.</pybLongDesc>
                    </rxPaymentProblem>
                    <rxPenalty>20.0</rxPenalty>
                    <rxReleaseable>true</rxReleaseable>
                    <status>Pharmacist Review</status>
                    <testClaimFlag>false</testClaimFlag>
                </prescription>
                <prescription>
                    <automaticContinuationOfTherapyCancelEligibleCode>1</automaticContinuationOfTherapyCancelEligibleCode>
                    <blsCode>13</blsCode>
                    <brand>true</brand>
                    <bsrCode>4</bsrCode>
                    <conflictCode>0</conflictCode>
                    <daysSupplyQuantity>90</daysSupplyQuantity>
                    <dispensedQuantity>90.0</dispensedQuantity>
                    <divertCode>0</divertCode>
                    <divertPriorityNumber>0</divertPriorityNumber>
                    <doctorFullName>CARLSON, TIM SCOTT</doctorFullName>
                    <drugDosage>TAB</drugDosage>
                    <drugName>Prozac</drugName>
                    <drugStrength>30MG</drugStrength>
                    <fillDate>2016-11-14T00:00:00-06:00</fillDate>
                    <genericAvailable>true</genericAvailable>
                    <gpiCode>39400010100310</gpiCode>
                    <lastStatusDate>2016-11-14T00:00:00-06:00</lastStatusDate>
                    <multiplePYBCodePresent>false</multiplePYBCodePresent>
                    <ndcId>0</ndcId>
                    <orderType>0000</orderType>
                    <participantId>313654138</participantId>
                    <patientFirstName>LNSRRAUG1601</patientFirstName>
                    <patientLastName>FNSRRAUG1601</patientLastName>
                    <payAmount>50.05</payAmount>
                    <pending>false</pending>
                    <priorPBMRx>false</priorPBMRx>
                    <qdcCode>0</qdcCode>
                    <reasonCode>11</reasonCode>
                    <rxNumber>403043349</rxNumber>
                    <rxPaymentProblem>
                        <pybCode>On Hold</pybCode>
                        <pybLongDesc>Medicare regulations require us to get your consent before we can ship this prescription to you. Either your prescriber submitted it, or it is enrolled in our auto refill/renewal program.</pybLongDesc>
                        <pybShortDesc>PROVIDE CONSENT TO SHIP</pybShortDesc>
                    </rxPaymentProblem>
                    <rxPaymentProblem>
                        <pybCode>On Hold</pybCode>
                        <pybLongDesc>There was a problem with your payment for this prescription.</pybLongDesc>
                        <pybShortDesc>CONTACT US</pybShortDesc>
                    </rxPaymentProblem>
                    <rxPaymentProblem>
                        <pybCode>In Process</pybCode>
                        <pybLongDesc>We are checking inventory to ensure we can fill your prescription.</pybLongDesc>
                    </rxPaymentProblem>
                    <rxPenalty>20.0</rxPenalty>
                    <rxReleaseable>true</rxReleaseable>
                    <status>Pharmacist Review</status>
                    <testClaimFlag>false</testClaimFlag>
                </prescription>
                <prescription>
                    <automaticContinuationOfTherapyCancelEligibleCode>1</automaticContinuationOfTherapyCancelEligibleCode>
                    <blsCode>13</blsCode>
                    <brand>true</brand>
                    <bsrCode>4</bsrCode>
                    <conflictCode>0</conflictCode>
                    <daysSupplyQuantity>90</daysSupplyQuantity>
                    <dispensedQuantity>90.0</dispensedQuantity>
                    <divertCode>0</divertCode>
                    <divertPriorityNumber>0</divertPriorityNumber>
                    <doctorFullName>CARLSON, TIM SCOTT</doctorFullName>
                    <drugDosage>TAB</drugDosage>
                    <drugName>Prozac</drugName>
                    <drugStrength>10MG</drugStrength>
                    <fillDate>2016-11-14T00:00:00-06:00</fillDate>
                    <genericAvailable>true</genericAvailable>
                    <gpiCode>39400010100310</gpiCode>
                    <lastStatusDate>2016-11-14T00:00:00-06:00</lastStatusDate>
                    <multiplePYBCodePresent>false</multiplePYBCodePresent>
                    <ndcId>0</ndcId>
                    <orderType>0000</orderType>
                    <participantId>313654138</participantId>
                    <patientFirstName>LNSRRAUG1601</patientFirstName>
                    <patientLastName>FNSRRAUG1601</patientLastName>
                    <payAmount>30.00</payAmount>
                    <pending>false</pending>
                    <priorPBMRx>false</priorPBMRx>
                    <qdcCode>0</qdcCode>
                    <reasonCode>13</reasonCode>
                    <rxNumber>403043450</rxNumber>
                    <rxPaymentProblem>
                        <pybCode>On Hold</pybCode>
                        <pybLongDesc>Medicare regulations require us to get your consent before we can ship this prescription to you. Either your prescriber submitted it, or it is enrolled in our auto refill/renewal program.</pybLongDesc>
                        <pybShortDesc>PROVIDE CONSENT TO SHIP</pybShortDesc>
                    </rxPaymentProblem>
                    <rxPaymentProblem>
                        <pybCode>On Hold</pybCode>
                        <pybLongDesc>There was a problem with your payment for this prescription.</pybLongDesc>
                        <pybShortDesc>CONTACT US</pybShortDesc>
                    </rxPaymentProblem>
                    <rxPaymentProblem>
                        <pybCode>In Process</pybCode>
                        <pybLongDesc>We are checking inventory to ensure we can fill your prescription.</pybLongDesc>
                    </rxPaymentProblem>
                    <rxPenalty>20.0</rxPenalty>
                    <rxReleaseable>true</rxReleaseable>
                    <status>Pharmacist Review</status>
                    <testClaimFlag>false</testClaimFlag>
                </prescription>
                <prescription>
                    <automaticContinuationOfTherapyCancelEligibleCode>1</automaticContinuationOfTherapyCancelEligibleCode>
                    <blsCode>13</blsCode>
                    <brand>true</brand>
                    <bsrCode>4</bsrCode>
                    <conflictCode>0</conflictCode>
                    <daysSupplyQuantity>90</daysSupplyQuantity>
                    <dispensedQuantity>90.0</dispensedQuantity>
                    <divertCode>0</divertCode>
                    <divertPriorityNumber>0</divertPriorityNumber>
                    <doctorFullName>CARLSON, TIM SCOTT</doctorFullName>
                    <drugDosage>TAB</drugDosage>
                    <drugName>Prozac</drugName>
                    <drugStrength>10MG</drugStrength>
                    <fillDate>2016-11-14T00:00:00-06:00</fillDate>
                    <genericAvailable>true</genericAvailable>
                    <gpiCode>39400010100310</gpiCode>
                    <lastStatusDate>2016-11-14T00:00:00-06:00</lastStatusDate>
                    <multiplePYBCodePresent>false</multiplePYBCodePresent>
                    <ndcId>0</ndcId>
                    <orderType>0000</orderType>
                    <participantId>313654138</participantId>
                    <patientFirstName>LNSRRAUG1601</patientFirstName>
                    <patientLastName>FNSRRAUG1601</patientLastName>
                    <payAmount>25.00</payAmount>
                    <pending>false</pending>
                    <priorPBMRx>false</priorPBMRx>
                    <qdcCode>0</qdcCode>
                    <reasonCode>27</reasonCode>
                    <rxNumber>403043360</rxNumber>
                    <rxPaymentProblem>
                        <pybCode>On Hold</pybCode>
                        <pybLongDesc>Medicare regulations require us to get your consent before we can ship this prescription to you. Either your prescriber submitted it, or it is enrolled in our auto refill/renewal program.</pybLongDesc>
                        <pybShortDesc>PROVIDE CONSENT TO SHIP</pybShortDesc>
                    </rxPaymentProblem>
                    <rxPaymentProblem>
                        <pybCode>On Hold</pybCode>
                        <pybLongDesc>There was a problem with your payment for this prescription.</pybLongDesc>
                        <pybShortDesc>CONTACT US</pybShortDesc>
                    </rxPaymentProblem>
                    <rxPaymentProblem>
                        <pybCode>In Process</pybCode>
                        <pybLongDesc>We are checking inventory to ensure we can fill your prescription.</pybLongDesc>
                    </rxPaymentProblem>
                    <rxPenalty>20.0</rxPenalty>
                    <rxReleaseable>true</rxReleaseable>
                    <status>Pharmacist Review</status>
                    <testClaimFlag>false</testClaimFlag>
                </prescription>
                <prescription>
                    <automaticContinuationOfTherapyCancelEligibleCode>1</automaticContinuationOfTherapyCancelEligibleCode>
                    <blsCode>13</blsCode>
                    <brand>true</brand>
                    <bsrCode>4</bsrCode>
                    <conflictCode>0</conflictCode>
                    <daysSupplyQuantity>90</daysSupplyQuantity>
                    <dispensedQuantity>90.0</dispensedQuantity>
                    <divertCode>0</divertCode>
                    <divertPriorityNumber>0</divertPriorityNumber>
                    <doctorFullName>CARLSON, TIM SCOTT</doctorFullName>
                    <drugDosage>TAB</drugDosage>
                    <drugName>Prozac</drugName>
                    <drugStrength>10MG</drugStrength>
                    <fillDate>2016-11-14T00:00:00-06:00</fillDate>
                    <genericAvailable>true</genericAvailable>
                    <gpiCode>39400010100310</gpiCode>
                    <lastStatusDate>2016-11-14T00:00:00-06:00</lastStatusDate>
                    <multiplePYBCodePresent>false</multiplePYBCodePresent>
                    <ndcId>0</ndcId>
                    <orderType>0000</orderType>
                    <participantId>313654138</participantId>
                    <patientFirstName>LNSRRAUG1601</patientFirstName>
                    <patientLastName>FNSRRAUG1601</patientLastName>
                    <payAmount>50.05</payAmount>
                    <pending>false</pending>
                    <priorPBMRx>false</priorPBMRx>
                    <qdcCode>0</qdcCode>
                    <reasonCode>27</reasonCode>
                    <rxNumber>403043377</rxNumber>
                    <rxPaymentProblem>
                        <pybCode>On Hold</pybCode>
                        <pybLongDesc>Medicare regulations require us to get your consent before we can ship this prescription to you. Either your prescriber submitted it, or it is enrolled in our auto refill/renewal program.</pybLongDesc>
                        <pybShortDesc>PROVIDE CONSENT TO SHIP</pybShortDesc>
                    </rxPaymentProblem>
                    <rxPaymentProblem>
                        <pybCode>On Hold</pybCode>
                        <pybLongDesc>There was a problem with your payment for this prescription.</pybLongDesc>
                        <pybShortDesc>CONTACT US</pybShortDesc>
                    </rxPaymentProblem>
                    <rxPaymentProblem>
                        <pybCode>In Process</pybCode>
                        <pybLongDesc>We are checking inventory to ensure we can fill your prescription.</pybLongDesc>
                    </rxPaymentProblem>
                    <rxPenalty>20.0</rxPenalty>
                    <rxReleaseable>true</rxReleaseable>
                    <status>Pharmacist Review</status>
                    <testClaimFlag>false</testClaimFlag>
                </prescription>
            </prescriptionList>
            <replyOrderNumber>2284424002</replyOrderNumber>
            <sequenceNumber>0</sequenceNumber>
            <shipMethod>B</shipMethod>
            <shippingAddress>
                <firstName>LNSRRAUG1601</firstName>
                <lastName>FNSRRAUG1601</lastName>
                <line1>535 E 37TH ST</line1>
                <line2 />
                <city>ERIE</city>
                <state>PA</state>
                <zipCode>15005</zipCode>
                <zipCodeSuffix />
            </shippingAddress>
            <shippingCost>30.5</shippingCost>
            <testClaimFlag>false</testClaimFlag>
        </order>
    </detail>
</response>
