<?xml version="1.0" encoding="UTF-8"?>
<response>
   <header>
      <refId>-3959367</refId>
      <operationName>getOnHoldOrderDetail</operationName>
      <statusCode>0000</statusCode>
      <statusDesc>Success</statusDesc>
      <version>1.0</version>
   </header>
   <detail>
      <order>
        <confirmationNumber>0</confirmationNumber>
        <electronicPaymentAccount>
            <creditCardNumber>2</creditCardNumber>
            <preferredAccount>false</preferredAccount>
            <paymentTypeCode>24</paymentTypeCode>
            <exclusivityIndicatorCode>0</exclusivityIndicatorCode>
            <preferredIndicatorCode>0</preferredIndicatorCode>
            <fsaIndicatorCode>0</fsaIndicatorCode>
            <fsaCodeTwo>false</fsaCodeTwo>
        </electronicPaymentAccount>
        <hraAppliedAmount>0.0</hraAppliedAmount>
        <numberOfChildOrders>0</numberOfChildOrders>
        <orderNumber>2284424001</orderNumber>
        <orderOriginationCode>0</orderOriginationCode>
        <orderStatus>0</orderStatus>
        <shipMethod></shipMethod>
        <parentOrderNumber>0</parentOrderNumber>
        <participantId>956939319</participantId>
        <payAmount>0.0</payAmount>
        <pending>false</pending>
        <orderPYBCode>23</orderPYBCode>
        <orderPYBLongDesc>has a payment issue and needs to be resolved prior to shipping</orderPYBLongDesc>
        <orderPYBShortDesc>TBD</orderPYBShortDesc>
        <orderDefaultPYBCode>99</orderDefaultPYBCode>
        <orderDefaultPYBDesc>has multiple issues and needs to be resolved prior to shipping</orderDefaultPYBDesc>
        <outstandingBalance>30.0</outstandingBalance>
        <ordTimeToRelease>2018-06-01T10:30:00-00:00</ordTimeToRelease>
        <ordPlaceDate>2018-05-20T10:30:00-00:00</ordPlaceDate>
        <orderNumber>2284424001</orderNumber>
        <multiplePYBCode>false</multiplePYBCode>
        <shippingCost>5.0</shippingCost>
        <prescriptionList>
            <prescription>
                <automaticContinuationOfTherapyCancelEligibleCode>1</automaticContinuationOfTherapyCancelEligibleCode>
                <blsCode>3</blsCode>
                <brand>true</brand>
                <bsrCode>19</bsrCode>
                <conflictCode>9999</conflictCode>
                <rxReleaseable>true/False</rxReleaseable>
                <rxPenalty>true/False</rxPenalty>
                <rxPaymentProblem>
                    <rxPYBCode>23</rxPYBCode>
                    <rxPYBDesc>Copay increased since last order</rxPYBDesc>
                    <rxPYBCode>23</rxPYBCode>
                    <rxPYBDesc>Brand-name medications have a higher copay than generics</rxPYBDesc>
                    <rxPYBCode>23</rxPYBCode>
                    <rxPYBDesc>Maximum available dollar benefit of your prescription plan has been exceeded</rxPYBDesc>
                </rxPaymentProblem>
               <daysSupplyQuantity>90</daysSupplyQuantity>
               <dispensedQuantity>180.0</dispensedQuantity>
               <divertCode>29</divertCode>
               <divertPriorityNumber>870</divertPriorityNumber>
               <doctorFullName>WALL, STEVEN HARLAN</doctorFullName>
               <drugDosage>TAB</drugDosage>
               <drugName>VALSARTAN</drugName>
               <drugStrength>80MG</drugStrength>
               <fillDate>2018-02-06T00:00:00-06:00</fillDate>
               <genericAvailable>true</genericAvailable>
               <gpiCode>72170070100305</gpiCode>
               <lastStatusDate>2018-02-06T00:00:00-06:00</lastStatusDate>
               <ndcId>0</ndcId>
               <orderType>0001</orderType>
               <participantId>956939319</participantId>
               <patientFirstName>CLAUDIA</patientFirstName>
               <patientLastName>MAY</patientLastName>
               <payAmount>30.0</payAmount>
               <pending>true</pending>
               <priorPBMRx>false</priorPBMRx>
               <qdcCode>4</qdcCode>
               <reasonCode>54</reasonCode>
               <rxNumber>403043352</rxNumber>
               <status>Processing</status>
               <isReleaseable>Processing</isReleaseable>
               <testClaimFlag>false</testClaimFlag>
            </prescription>
            <prescription>
               <automaticContinuationOfTherapyCancelEligibleCode>1</automaticContinuationOfTherapyCancelEligibleCode>
               <blsCode>3</blsCode>
               <brand>true</brand>
               <bsrCode>19</bsrCode>
               <conflictCode>9999</conflictCode>
                <rxReleaseable>true/False</rxReleaseable>
                <rxPenalty>true/False</rxPenalty>
                <rxPaymentProblem>
                    <rxPYBCode>23</rxPYBCode>
                    <rxPaymentDesc>Copay increased since last order</rxPaymentDesc>
                    <rxPYBCode>23</rxPYBCode>
                    <rxPYBDesc>Brand-name medications have a higher copay than generics</rxPYBDesc>
                    <rxPYBCode>23</rxPYBCode>
                    <rxPYBDesc>Maximum available dollar benefit of your prescription plan has been exceeded</rxPYBDesc>
                </rxPaymentProblem>
               <daysSupplyQuantity>90</daysSupplyQuantity>
               <dispensedQuantity>180.0</dispensedQuantity>
               <divertCode>29</divertCode>
               <divertPriorityNumber>870</divertPriorityNumber>
               <doctorFullName>WALL, STEVEN HARLAN</doctorFullName>
               <drugDosage>TAB</drugDosage>
               <drugName>GABITRIL</drugName>
               <drugStrength>4MG</drugStrength>
               <fillDate>2018-02-06T00:00:00-06:00</fillDate>
               <genericAvailable>true</genericAvailable>
               <gpiCode>72170070100305</gpiCode>
               <lastStatusDate>2018-02-06T00:00:00-06:00</lastStatusDate>
               <ndcId>0</ndcId>
               <orderType>0001</orderType>
               <participantId>956939319</participantId>
               <patientFirstName>CLAUDIA</patientFirstName>
               <patientLastName>MAY</patientLastName>
               <payAmount>10.0</payAmount>
               <pending>true</pending>
               <priorPBMRx>false</priorPBMRx>
               <qdcCode>4</qdcCode>
               <reasonCode>51</reasonCode>
               <rxNumber>403043347</rxNumber>
               <status>Processing</status>
               <isReleaseable>Processing</isReleaseable>
               <testClaimFlag>false</testClaimFlag>
            </prescription>
            <prescription>
               <automaticContinuationOfTherapyCancelEligibleCode>1</automaticContinuationOfTherapyCancelEligibleCode>
               <blsCode>3</blsCode>
               <brand>true</brand>
               <bsrCode>19</bsrCode>
               <conflictCode>9999</conflictCode>
                <rxReleaseable>true/False</rxReleaseable>
                <rxPenalty>true/False</rxPenalty>
                <rxPaymentProblem>
                    <rxPYBCode>23</rxPYBCode>
                    <rxPYBDesc>Copay increased since last order</rxPYBDesc>
                    <rxPYBCode>23</rxPYBCode>
                    <rxPYBDesc>Brand-name medications have a higher copay than generics</rxPYBDesc>
                    <rxPYBCode>23</rxPYBCode>
                    <rxPYBDesc>Maximum available dollar benefit of your prescription plan has been exceeded</rxPYBDesc>
                </rxPaymentProblem>
               <daysSupplyQuantity>90</daysSupplyQuantity>
               <dispensedQuantity>180.0</dispensedQuantity>
               <divertCode>29</divertCode>
               <divertPriorityNumber>870</divertPriorityNumber>
               <doctorFullName>WALL, STEVEN HARLAN</doctorFullName>
               <drugDosage>TAB</drugDosage>
               <drugName>Prozac</drugName>
               <drugStrength>30MG</drugStrength>
               <fillDate>2018-02-06T00:00:00-06:00</fillDate>
               <genericAvailable>true</genericAvailable>
               <gpiCode>72170070100305</gpiCode>
               <lastStatusDate>2018-02-06T00:00:00-06:00</lastStatusDate>
               <ndcId>0</ndcId>
               <orderType>0001</orderType>
               <participantId>956939319</participantId>
               <patientFirstName>CLAUDIA</patientFirstName>
               <patientLastName>MAY</patientLastName>
               <payAmount>10.0</payAmount>
               <pending>true</pending>
               <priorPBMRx>false</priorPBMRx>
               <qdcCode>4</qdcCode>
               <reasonCode>52</reasonCode>
               <rxNumber>403043348</rxNumber>
               <status>Processing</status>
               <isReleaseable>Processing</isReleaseable>
               <testClaimFlag>false</testClaimFlag>
            </prescription>
            <prescription>
               <automaticContinuationOfTherapyCancelEligibleCode>1</automaticContinuationOfTherapyCancelEligibleCode>
               <blsCode>3</blsCode>
               <brand>true</brand>
               <bsrCode>19</bsrCode>
               <conflictCode>9999</conflictCode>
                <rxReleaseable>true/False</rxReleaseable>
                <rxPenalty>true/False</rxPenalty>
                <rxPaymentProblem>
                    <rxPYBCode>23</rxPYBCode>
                    <rxPYBDesc>Copay increased since last order</rxPYBDesc>
                    <rxPYBCode>23</rxPYBCode>
                    <rxPYBDesc>Brand-name medications have a higher copay than generics</rxPYBDesc>
                    <rxPYBCode>23</rxPYBCode>
                    <rxPYBDesc>Maximum available dollar benefit of your prescription plan has been exceeded</rxPYBDesc>
                </rxPaymentProblem>
               <daysSupplyQuantity>90</daysSupplyQuantity>
               <dispensedQuantity>180.0</dispensedQuantity>
               <divertCode>29</divertCode>
               <divertPriorityNumber>870</divertPriorityNumber>
               <doctorFullName>WALL, STEVEN HARLAN</doctorFullName>
               <drugDosage>TAB</drugDosage>
               <drugName>Prozac</drugName>
               <drugStrength>30MG</drugStrength>
               <fillDate>2018-02-06T00:00:00-06:00</fillDate>
               <genericAvailable>true</genericAvailable>
               <gpiCode>72170070100305</gpiCode>
               <lastStatusDate>2018-02-06T00:00:00-06:00</lastStatusDate>
               <ndcId>0</ndcId>
               <orderType>0001</orderType>
               <participantId>956939319</participantId>
               <patientFirstName>CLAUDIA</patientFirstName>
               <patientLastName>MAY</patientLastName>
               <payAmount>10.0</payAmount>
               <pending>true</pending>
               <priorPBMRx>false</priorPBMRx>
               <qdcCode>4</qdcCode>
               <reasonCode>54</reasonCode>
               <rxNumber>403043349</rxNumber>
               <status>Processing</status>
               <isReleaseable>Processing</isReleaseable>
               <testClaimFlag>false</testClaimFlag>
            </prescription>
            <prescription>
               <automaticContinuationOfTherapyCancelEligibleCode>1</automaticContinuationOfTherapyCancelEligibleCode>
               <blsCode>3</blsCode>
               <brand>true</brand>
               <bsrCode>19</bsrCode>
               <conflictCode>9999</conflictCode>
                <rxReleaseable>true/False</rxReleaseable>
                <rxPenalty>true/False</rxPenalty>
                <rxPaymentProblem>
                    <rxPYBCode>23</rxPYBCode>
                    <rxPYBDesc>Copay increased since last order</rxPYBDesc>
                    <rxPYBCode>23</rxPYBCode>
                    <rxPYBDesc>Brand-name medications have a higher copay than generics</rxPYBDesc>
                    <rxPYBCode>23</rxPYBCode>
                    <rxPYBDesc>Maximum available dollar benefit of your prescription plan has been exceeded</rxPYBDesc>
                </rxPaymentProblem>
               <daysSupplyQuantity>90</daysSupplyQuantity>
               <dispensedQuantity>180.0</dispensedQuantity>
               <divertCode>29</divertCode>
               <divertPriorityNumber>870</divertPriorityNumber>
               <doctorFullName>WALL, STEVEN HARLAN</doctorFullName>
               <drugDosage>TAB</drugDosage>
               <drugName>Prozac</drugName>
               <drugStrength>30MG</drugStrength>
               <fillDate>2018-02-06T00:00:00-06:00</fillDate>
               <genericAvailable>true</genericAvailable>
               <gpiCode>72170070100305</gpiCode>
               <lastStatusDate>2018-02-06T00:00:00-06:00</lastStatusDate>
               <ndcId>0</ndcId>
               <orderType>0001</orderType>
               <participantId>956939319</participantId>
               <patientFirstName>CLAUDIA</patientFirstName>
               <patientLastName>MAY</patientLastName>
               <payAmount>10.0</payAmount>
               <pending>true</pending>
               <priorPBMRx>false</priorPBMRx>
               <qdcCode>4</qdcCode>
               <reasonCode>11</reasonCode>
               <rxNumber>403043350</rxNumber>
               <status>Processing</status>
               <isReleaseable>Processing</isReleaseable>
               <testClaimFlag>false</testClaimFlag>
            </prescription>
            <prescription>
               <automaticContinuationOfTherapyCancelEligibleCode>1</automaticContinuationOfTherapyCancelEligibleCode>
               <blsCode>3</blsCode>
               <brand>true</brand>
               <bsrCode>19</bsrCode>
               <conflictCode>9999</conflictCode>
                <rxReleaseable>true/False</rxReleaseable>
                <rxPenalty>true/False</rxPenalty>
                <rxPaymentProblem>
                    <rxPYBCode>23</rxPYBCode>
                    <rxPYBDesc>Copay increased since last order</rxPYBDesc>
                    <rxPYBCode>23</rxPYBCode>
                    <rxPYBDesc>Brand-name medications have a higher copay than generics</rxPYBDesc>
                    <rxPYBCode>23</rxPYBCode>
                    <rxPYBDesc>Maximum available dollar benefit of your prescription plan has been exceeded</rxPYBDesc>
                </rxPaymentProblem>
               <daysSupplyQuantity>90</daysSupplyQuantity>
               <dispensedQuantity>180.0</dispensedQuantity>
               <divertCode>29</divertCode>
               <divertPriorityNumber>870</divertPriorityNumber>
               <doctorFullName>WALL, STEVEN HARLAN</doctorFullName>
               <drugDosage>TAB</drugDosage>
               <drugName>Prozac</drugName>
               <drugStrength>30MG</drugStrength>
               <fillDate>2018-02-06T00:00:00-06:00</fillDate>
               <genericAvailable>true</genericAvailable>
               <gpiCode>72170070100305</gpiCode>
               <lastStatusDate>2018-02-06T00:00:00-06:00</lastStatusDate>
               <ndcId>0</ndcId>
               <orderType>0001</orderType>
               <participantId>956939319</participantId>
               <patientFirstName>CLAUDIA</patientFirstName>
               <patientLastName>MAY</patientLastName>
               <payAmount>10.0</payAmount>
               <pending>true</pending>
               <priorPBMRx>false</priorPBMRx>
               <qdcCode>4</qdcCode>
               <reasonCode>13</reasonCode>
               <rxNumber>403043351</rxNumber>
               <status>Processing</status>
               <isReleaseable>Processing</isReleaseable>
               <testClaimFlag>false</testClaimFlag>
            </prescription>
            <prescription>
               <automaticContinuationOfTherapyCancelEligibleCode>1</automaticContinuationOfTherapyCancelEligibleCode>
               <blsCode>3</blsCode>
               <brand>true</brand>
               <bsrCode>19</bsrCode>
               <conflictCode>9999</conflictCode>
                <rxReleaseable>true/False</rxReleaseable>
                <rxPenalty>true/False</rxPenalty>
                <rxPaymentProblem>
                    <rxPYBCode>23</rxPYBCode>
                    <rxPYBDesc>Copay increased since last order</rxPYBDesc>
                    <rxPYBCode>23</rxPYBCode>
                    <rxPYBDesc>Brand-name medications have a higher copay than generics</rxPYBDesc>
                    <rxPYBCode>23</rxPYBCode>
                    <rxPYBDesc>Maximum available dollar benefit of your prescription plan has been exceeded</rxPYBDesc>
                </rxPaymentProblem>
               <daysSupplyQuantity>90</daysSupplyQuantity>
               <dispensedQuantity>180.0</dispensedQuantity>
               <divertCode>29</divertCode>
               <divertPriorityNumber>870</divertPriorityNumber>
               <doctorFullName>WALL, STEVEN HARLAN</doctorFullName>
               <drugDosage>TAB</drugDosage>
               <drugName>Prozac</drugName>
               <drugStrength>30MG</drugStrength>
               <fillDate>2018-02-06T00:00:00-06:00</fillDate>
               <genericAvailable>true</genericAvailable>
               <gpiCode>72170070100305</gpiCode>
               <lastStatusDate>2018-02-06T00:00:00-06:00</lastStatusDate>
               <ndcId>0</ndcId>
               <orderType>0001</orderType>
               <participantId>956939319</participantId>
               <patientFirstName>CLAUDIA</patientFirstName>
               <patientLastName>MAY</patientLastName>
               <payAmount>10.0</payAmount>
               <pending>true</pending>
               <priorPBMRx>false</priorPBMRx>
               <qdcCode>4</qdcCode>
               <reasonCode>27</reasonCode>
               <rxNumber>403043346</rxNumber>
               <status>Processing</status>
               <isReleaseable>Processing</isReleaseable>
               <testClaimFlag>false</testClaimFlag>
            </prescription>
            <prescription>
               <automaticContinuationOfTherapyCancelEligibleCode>1</automaticContinuationOfTherapyCancelEligibleCode>
               <blsCode>3</blsCode>
               <brand>true</brand>
               <bsrCode>19</bsrCode>
               <conflictCode>9999</conflictCode>
                <rxReleaseable>true/False</rxReleaseable>
                <rxPenalty>true/False</rxPenalty>
                <rxPaymentProblem>
                    <rxPYBCode>23</rxPYBCode>
                    <rxPYBDesc>Copay increased since last order</rxPYBDesc>
                    <rxPYBCode>23</rxPYBCode>
                    <rxPYBDesc>Brand-name medications have a higher copay than generics</rxPYBDesc>
                    <rxPYBCode>23</rxPYBCode>
                    <rxPYBDesc>Maximum available dollar benefit of your prescription plan has been exceeded</rxPYBDesc>
                </rxPaymentProblem>
               <daysSupplyQuantity>90</daysSupplyQuantity>
               <dispensedQuantity>180.0</dispensedQuantity>
               <divertCode>29</divertCode>
               <divertPriorityNumber>870</divertPriorityNumber>
               <doctorFullName>WALL, STEVEN HARLAN</doctorFullName>
               <drugDosage>TAB</drugDosage>
               <drugName>Prozac</drugName>
               <drugStrength>30MG</drugStrength>
               <fillDate>2018-02-06T00:00:00-06:00</fillDate>
               <genericAvailable>true</genericAvailable>
               <gpiCode>72170070100305</gpiCode>
               <lastStatusDate>2018-02-06T00:00:00-06:00</lastStatusDate>
               <ndcId>0</ndcId>
               <orderType>0001</orderType>
               <participantId>956939319</participantId>
               <patientFirstName>CLAUDIA</patientFirstName>
               <patientLastName>MAY</patientLastName>
               <payAmount>20.0</payAmount>
               <pending>true</pending>
               <priorPBMRx>false</priorPBMRx>
               <qdcCode>4</qdcCode>
               <reasonCode>11</reasonCode>
               <rxNumber>403043346</rxNumber>
               <status>Processing</status>
               <isReleaseable>Processing</isReleaseable>
               <testClaimFlag>false</testClaimFlag>
            </prescription>
        </prescriptionList>
        <replyOrderNumber>2284424001</replyOrderNumber>
        <sequenceNumber>0</sequenceNumber>
        <shippingAddress>
            <firstName>CLAUDIA</firstName>
            <lastName>MAY</lastName>
            <line1>6354 GENEVA LN</line1>
            <line2 />
            <city>SALEM</city>
            <state>OR</state>
            <zipCode>97301</zipCode>
            <zipCodeSuffix />
        </shippingAddress>
        <testClaimFlag>false</testClaimFlag>
        <contactEmail>sdsdcdwcwe@dccdrf</contactEmail>
      </order>
   </detail>
</response>
