{
  "getOnHoldOrderDetailsResponse" : {
    "header" : {
      "statusCode" : "0000",
      "statusDesc" : "Success",
      "refId" : "Id-860e1b5bdd3b00640b648523",
      "version" : "1.0",
      "success" : true,
      "operationName" : "getOnHoldOrderDetail"
    },
    "detail" : {
      "parent" : null,
      "order" : {
        "parent" : null,
        "orderType" : null,
        "orderNumber" : "2096002000",
        "orderStatus" : "0",
        "orderDate" : 1527483600000,
        "shippedDate" : null,
        "receivedDate" : null,
        "shipMethod" : "B",
        "trackingNumber" : null,
        "sequenceNumber" : 0,
        "orderOriginationCode" : "0",
        "payAmount" : 0.0,
        "hraAppliedAmount" : 0.0,
        "shippingAddress" : {
          "parent" : null,
          "addressID" : null,
          "line1" : "4250 EAST RENNER ROAD",
          "line2" : "APT 24234",
          "city" : "RICHARDSON",
          "state" : "TX",
          "zipCode" : "75082",
          "zipCodeSuffix" : "",
          "usageTypeCode" : null,
          "effectiveDate" : null,
          "expiryDate" : null,
          "shipTo" : null,
          "firstName" : "CHAD",
          "lastName" : "JACK"
        },
        "confirmationNumber" : "0",
        "electronicPaymentAccount" : {
          "parent" : null,
          "electronicPaymentAccountID" : null,
          "preferredAccount" : false,
          "accountName" : "BLNK",
          "creditCardNumber" : "0456",
          "expirationDate" : null,
          "formatExpirationDate" : null,
          "electronicPaymentAccountType" : null,
          "nickName" : null,
          "paymentTypeCode" : 1,
          "exclusivityIndicatorCode" : 0,
          "preferredIndicatorCode" : 0,
          "fsaIndicatorCode" : 0,
          "fsaCodeTwo" : false,
          "ePayAccountID" : "500122730"
        },
        "prescriptionList" : [ {
          "parent" : null,
          "rxNumber" : "403002347",
          "fillDate" : 1493182800000,
          "payAmount" : 0.0,
          "pending" : true,
          "priorPBMRx" : false,
          "lastStatusDate" : 1527483600000,
          "status" : "Payment Hold",
          "patientName" : null,
          "patientFirstName" : "CHAD",
          "patientLastName" : "JACK",
          "drugName" : "CANTIL",
          "drugDosage" : "TAB",
          "drugStrength" : "25MG",
          "orderType" : "0",
          "ndcId" : 0,
          "dispensedQuantity" : 1.0,
          "statusDescription" : null,
          "statusReasonCode" : null,
          "statusReasonDescription" : null,
          "memberAction" : null,
          "expirationDate" : null,
          "rxFillList" : null,
          "participantId" : 922917566,
          "brand" : true,
          "genericAvailable" : false,
          "gpiCode" : "59250015000320",
          "automaticContinuationOfTherapyCancelEligibleCode" : "1",
          "bsrCode" : 4,
          "blsCode" : 3,
          "qdcCode" : 0,
          "divertCode" : 0,
          "divertPriorityNumber" : 0,
          "conflictCode" : 0,
          "testClaimFlag" : false,
          "futureFillDate" : null,
          "doctorFullName" : "ABODEELY, ADAM JOSEPH TEST MAX LENGTH FOR THIS FIELD IN RESO",
          "orderRequestType" : null,
          "daysSupplyQuantity" : 1,
          "reasonCode" : 11,
          "rxReleaseable" : false,
          "rxPenalty" : "0.00",
          "multiplePYBCodePresent" : false,
          "rxPaymentProblem" : [
            {
              "pybCode" :"16",
              "pybLongDesc":"This medication has a higher copay",
              "pybShortDesc":"Higher Copay"
            }
          ],
          "rxLineItemNumber" : "0001",
          "memberAge": "62",
          "maskingReason" : null
        }, {
          "parent" : null,
          "rxNumber" : "403002348",
          "fillDate" : 1493182800000,
          "payAmount" : 0.0,
          "pending" : true,
          "priorPBMRx" : false,
          "lastStatusDate" : 1527483600000,
          "status" : "Payment Hold",
          "patientName" : null,
          "patientFirstName" : "CHAD",
          "patientLastName" : "JACK",
          "drugName" : "ABILIFY",
          "drugDosage" : "TAB",
          "drugStrength" : "10MG",
          "orderType" : "0",
          "ndcId" : 0,
          "dispensedQuantity" : 1.0,
          "statusDescription" : null,
          "statusReasonCode" : null,
          "statusReasonDescription" : null,
          "memberAction" : null,
          "expirationDate" : null,
          "rxFillList" : null,
          "participantId" : 922917566,
          "brand" : true,
          "genericAvailable" : false,
          "gpiCode" : "59250015000320",
          "automaticContinuationOfTherapyCancelEligibleCode" : "1",
          "bsrCode" : 4,
          "blsCode" : 3,
          "qdcCode" : 0,
          "divertCode" : 0,
          "divertPriorityNumber" : 0,
          "conflictCode" : 0,
          "testClaimFlag" : false,
          "futureFillDate" : null,
          "doctorFullName" : "ABODEELY, ADAM JOSEPH TEST MAX LENGTH FOR THIS FIELD IN RESO",
          "orderRequestType" : null,
          "daysSupplyQuantity" : 1,
          "reasonCode" : 11,
          "rxReleaseable" : false,
          "rxPenalty" : "0.00",
          "multiplePYBCodePresent" : false,
          "rxPaymentProblem" : [
            {
              "pybCode" :"16",
              "pybLongDesc":"This medication has a higher copay",
              "pybShortDesc":"Higher Copay"
            }
          ],
          "rxLineItemNumber" : "0001",
          "memberAge": "62",
          "maskingReason" : null
        },
          {
            "parent" : null,
            "rxNumber" : "403002349",
            "fillDate" : 1493182800000,
            "payAmount" : 0.0,
            "pending" : true,
            "priorPBMRx" : false,
            "lastStatusDate" : 1527483600000,
            "status" : "Payment Hold",
            "patientName" : null,
            "patientFirstName" : "CHAD",
            "patientLastName" : "JACK",
            "drugName" : "TASMAR",
            "drugDosage" : "TAB",
            "drugStrength" : "40MG",
            "orderType" : "0",
            "ndcId" : 0,
            "dispensedQuantity" : 1.0,
            "statusDescription" : null,
            "statusReasonCode" : null,
            "statusReasonDescription" : null,
            "memberAction" : null,
            "expirationDate" : null,
            "rxFillList" : null,
            "participantId" : 922917566,
            "brand" : true,
            "genericAvailable" : false,
            "gpiCode" : "59250015000320",
            "automaticContinuationOfTherapyCancelEligibleCode" : "1",
            "bsrCode" : 4,
            "blsCode" : 3,
            "qdcCode" : 0,
            "divertCode" : 0,
            "divertPriorityNumber" : 0,
            "conflictCode" : 0,
            "testClaimFlag" : false,
            "futureFillDate" : null,
            "doctorFullName" : "ABODEELY, ADAM JOSEPH TEST MAX LENGTH FOR THIS FIELD IN RESO",
            "orderRequestType" : null,
            "daysSupplyQuantity" : 1,
            "reasonCode" : 13,
            "rxReleaseable" : false,
            "rxPenalty" : "0.00",
            "multiplePYBCodePresent" : false,
            "rxPaymentProblem" : [
              {
                "pybCode" :"16",
                "pybLongDesc":"This medication has a higher copay",
                "pybShortDesc":"Higher Copay"
              }
            ],
            "rxLineItemNumber" : "0001",
            "memberAge": "62",
            "maskingReason" : null
          },
          {
            "parent" : null,
            "rxNumber" : "403002349",
            "fillDate" : 1493182800000,
            "payAmount" : 0.0,
            "pending" : true,
            "priorPBMRx" : false,
            "lastStatusDate" : 1527483600000,
            "status" : "Payment Hold",
            "patientName" : null,
            "patientFirstName" : "CHAD",
            "patientLastName" : "JACK",
            "drugName" : "TASMAR",
            "drugDosage" : "TAB",
            "drugStrength" : "40MG",
            "orderType" : "0",
            "ndcId" : 0,
            "dispensedQuantity" : 1.0,
            "statusDescription" : null,
            "statusReasonCode" : null,
            "statusReasonDescription" : null,
            "memberAction" : null,
            "expirationDate" : null,
            "rxFillList" : null,
            "participantId" : 922917566,
            "brand" : true,
            "genericAvailable" : false,
            "gpiCode" : "59250015000320",
            "automaticContinuationOfTherapyCancelEligibleCode" : "1",
            "bsrCode" : 4,
            "blsCode" : 3,
            "qdcCode" : 0,
            "divertCode" : 0,
            "divertPriorityNumber" : 0,
            "conflictCode" : 0,
            "testClaimFlag" : false,
            "futureFillDate" : null,
            "doctorFullName" : "ABODEELY, ADAM JOSEPH TEST MAX LENGTH FOR THIS FIELD IN RESO",
            "orderRequestType" : null,
            "daysSupplyQuantity" : 1,
            "reasonCode" : 13,
            "rxReleaseable" : false,
            "rxPenalty" : "0.00",
            "multiplePYBCodePresent" : false,
            "rxPaymentProblem" : [
              {
                "pybCode" :"16",
                "pybLongDesc":"This medication has a higher copay",
                "pybShortDesc":"Higher Copay"
              }
            ],
            "rxLineItemNumber" : "0001",
            "memberAge": "62",
            "maskingReason" : null
          }
        ,
          {
            "parent" : null,
            "rxNumber" : "403002312",
            "fillDate" : 1493182800000,
            "payAmount" : 0.0,
            "pending" : true,
            "priorPBMRx" : false,
            "lastStatusDate" : 1527483600000,
            "status" : "Payment Hold",
            "patientName" : null,
            "patientFirstName" : "CHAD",
            "patientLastName" : "JACK",
            "drugName" : "TASMAR",
            "drugDosage" : "TAB",
            "drugStrength" : "40MG",
            "orderType" : "0",
            "ndcId" : 0,
            "dispensedQuantity" : 1.0,
            "statusDescription" : null,
            "statusReasonCode" : null,
            "statusReasonDescription" : null,
            "memberAction" : null,
            "expirationDate" : null,
            "rxFillList" : null,
            "participantId" : 922917566,
            "brand" : true,
            "genericAvailable" : false,
            "gpiCode" : "59250015000320",
            "automaticContinuationOfTherapyCancelEligibleCode" : "1",
            "bsrCode" : 4,
            "blsCode" : 3,
            "qdcCode" : 0,
            "divertCode" : 0,
            "divertPriorityNumber" : 0,
            "conflictCode" : 0,
            "testClaimFlag" : false,
            "futureFillDate" : null,
            "doctorFullName" : "ABODEELY, ADAM JOSEPH TEST MAX LENGTH FOR THIS FIELD IN RESO",
            "orderRequestType" : null,
            "daysSupplyQuantity" : 1,
            "reasonCode" : 7,
            "rxReleaseable" : false,
            "rxPenalty" : "0.00",
            "multiplePYBCodePresent" : false,
            "rxPaymentProblem" : [
              {
                "pybCode" :"16",
                "pybLongDesc":"This medication has a higher copay",
                "pybShortDesc":"Higher Copay"
              }
            ],
            "rxLineItemNumber" : "0001",
            "memberAge": "62",
            "maskingReason" : null
          },{
            "parent" : null,
            "rxNumber" : "403002367",
            "fillDate" : 1493182800000,
            "payAmount" : 0.0,
            "pending" : true,
            "priorPBMRx" : false,
            "lastStatusDate" : 1527483600000,
            "status" : "Payment Hold",
            "patientName" : null,
            "patientFirstName" : "CHAD",
            "patientLastName" : "JACK",
            "drugName" : "LOVASTATIN",
            "drugDosage" : "TAB",
            "drugStrength" : "10MG",
            "orderType" : "0",
            "ndcId" : 0,
            "dispensedQuantity" : 1.0,
            "statusDescription" : null,
            "statusReasonCode" : null,
            "statusReasonDescription" : null,
            "memberAction" : null,
            "expirationDate" : null,
            "rxFillList" : null,
            "participantId" : 922917566,
            "brand" : true,
            "genericAvailable" : false,
            "gpiCode" : "59250015000320",
            "automaticContinuationOfTherapyCancelEligibleCode" : "1",
            "bsrCode" : 4,
            "blsCode" : 3,
            "qdcCode" : 0,
            "divertCode" : 0,
            "divertPriorityNumber" : 0,
            "conflictCode" : 0,
            "testClaimFlag" : false,
            "futureFillDate" : null,
            "doctorFullName" : "ABODEELY, ADAM JOSEPH TEST MAX LENGTH FOR THIS FIELD IN RESO",
            "orderRequestType" : null,
            "daysSupplyQuantity" : 1,
            "reasonCode" : 51,
            "rxReleaseable" : false,
            "rxPenalty" : "0.00",
            "multiplePYBCodePresent" : false,
            "rxPaymentProblem" : [
              {
                "pybCode" :"16",
                "pybLongDesc":"This medication has a higher copay",
                "pybShortDesc":"Higher Copay"
              }
            ],
            "rxLineItemNumber" : "0001",
            "memberAge": "62",
            "maskingReason" : null
         },
          {
            "parent" : null,
            "rxNumber" : "405002347",
            "fillDate" : 1493182800000,
            "payAmount" : 0.0,
            "pending" : true,
            "priorPBMRx" : false,
            "lastStatusDate" : 1527483600000,
            "status" : "Payment Hold",
            "patientName" : null,
            "patientFirstName" : "CHAD",
            "patientLastName" : "JACK",
            "drugName" : "LIPITOR",
            "drugDosage" : "TAB",
            "drugStrength" : "10MG",
            "orderType" : "0",
            "ndcId" : 0,
            "dispensedQuantity" : 1.0,
            "statusDescription" : null,
            "statusReasonCode" : null,
            "statusReasonDescription" : null,
            "memberAction" : null,
            "expirationDate" : null,
            "rxFillList" : null,
            "participantId" : 922917566,
            "brand" : true,
            "genericAvailable" : false,
            "gpiCode" : "59250015000320",
            "automaticContinuationOfTherapyCancelEligibleCode" : "1",
            "bsrCode" : 4,
            "blsCode" : 3,
            "qdcCode" : 0,
            "divertCode" : 0,
            "divertPriorityNumber" : 0,
            "conflictCode" : 0,
            "testClaimFlag" : false,
            "futureFillDate" : null,
            "doctorFullName" : "ABODEELY, ADAM JOSEPH TEST MAX LENGTH FOR THIS FIELD IN RESO",
            "orderRequestType" : null,
            "daysSupplyQuantity" : 1,
            "reasonCode" : 54,
            "rxReleaseable" : false,
            "rxPenalty" : "0.00",
            "multiplePYBCodePresent" : false,
            "rxPaymentProblem" : [
              {
                "pybCode" :"16",
                "pybLongDesc":"This medication has a higher copay",
                "pybShortDesc":"Higher Copay"
              }
            ],
            "rxLineItemNumber" : "0001",
            "memberAge": "62",
            "maskingReason" : null
          },
          {
            "parent" : null,
            "rxNumber" : "483002347",
            "fillDate" : 1493182800000,
            "payAmount" : 0.0,
            "pending" : true,
            "priorPBMRx" : false,
            "lastStatusDate" : 1527483600000,
            "status" : "Payment Hold",
            "patientName" : null,
            "patientFirstName" : "CHAD",
            "patientLastName" : "JACK",
            "drugName" : "ZOCOR",
            "drugDosage" : "TAB",
            "drugStrength" : "30MG",
            "orderType" : "0",
            "ndcId" : 0,
            "dispensedQuantity" : 1.0,
            "statusDescription" : null,
            "statusReasonCode" : null,
            "statusReasonDescription" : null,
            "memberAction" : null,
            "expirationDate" : null,
            "rxFillList" : null,
            "participantId" : 922917566,
            "brand" : true,
            "genericAvailable" : false,
            "gpiCode" : "59250015000320",
            "automaticContinuationOfTherapyCancelEligibleCode" : "1",
            "bsrCode" : 4,
            "blsCode" : 3,
            "qdcCode" : 0,
            "divertCode" : 0,
            "divertPriorityNumber" : 0,
            "conflictCode" : 0,
            "testClaimFlag" : false,
            "futureFillDate" : null,
            "doctorFullName" : "ABODEELY, ADAM JOSEPH TEST MAX LENGTH FOR THIS FIELD IN RESO",
            "orderRequestType" : null,
            "daysSupplyQuantity" : 1,
            "reasonCode" : 51,
            "rxReleaseable" : false,
            "rxPenalty" : "0.00",
            "multiplePYBCodePresent" : false,
            "rxPaymentProblem" : [
              {
                "pybCode" :"16",
                "pybLongDesc":"This medication has a higher copay",
                "pybShortDesc":"Higher Copay"
              }
            ],
            "rxLineItemNumber" : "0001",
            "memberAge": "62",
            "maskingReason" : null
          }, {
          "parent" : null,
          "rxNumber" : "423002347",
          "fillDate" : 1493182800000,
          "payAmount" : 0.0,
          "pending" : true,
          "priorPBMRx" : false,
          "lastStatusDate" : 1527483600000,
          "status" : "Payment Hold",
          "patientName" : null,
          "patientFirstName" : "JILL",
          "patientLastName" : "JACK",
          "drugName" : "PROZAC",
          "drugDosage" : "TAB",
          "drugStrength" : "20MG",
          "orderType" : "0",
          "ndcId" : 0,
          "dispensedQuantity" : 1.0,
          "statusDescription" : null,
          "statusReasonCode" : null,
          "statusReasonDescription" : null,
          "memberAction" : null,
          "expirationDate" : null,
          "rxFillList" : null,
          "participantId" : 922917567,
          "brand" : true,
          "genericAvailable" : false,
          "gpiCode" : "59250015000320",
          "automaticContinuationOfTherapyCancelEligibleCode" : "1",
          "bsrCode" : 4,
          "blsCode" : 3,
          "qdcCode" : 0,
          "divertCode" : 0,
          "divertPriorityNumber" : 0,
          "conflictCode" : 0,
          "testClaimFlag" : false,
          "futureFillDate" : null,
          "doctorFullName" : "ABODEELY, ADAM JOSEPH TEST MAX LENGTH FOR THIS FIELD IN RESO",
          "orderRequestType" : null,
          "daysSupplyQuantity" : 1,
          "reasonCode" : 13,
          "rxReleaseable" : false,
          "rxPenalty" : "0.00",
          "multiplePYBCodePresent" : false,
          "rxPaymentProblem" : [
            {
              "pybCode" :"16",
              "pybLongDesc":"This medication has a higher copay",
              "pybShortDesc":"Higher Copay"
            }
          ],
          "rxLineItemNumber" : "0001",
            "memberAge": "20",
          "maskingReason" : null
        } ],
        "prescriberName" : null,
        "replyReceivedDate" : 1527483600000,
        "replyOrderNumber" : "2096002000",
        "shipMethodDescription" : null,
        "shippingCost" : 0.0,
        "orderBalanceAmount" : 38.32,
        "trackingURL" : null,
        "participantId" : 0,
        "numberOfChildOrders" : 0,
        "parentOrderNumber" : 0,
        "pending" : false,
        "testClaimFlag" : false,
        "requestMethod" : null,
        "clientContactNumber" : null,
        "shipperName" : null,
        "orderPYBCode" : "09",
        "orderPYBLongDesc" : "On indefinite hold",
        "orderDefaultPYBCode" : "99",
        "orderDefaultPYBDesc" : "There were multiple payment problems with this order.",
        "ordTimeToRelease" : "06/09/2018 12:25 AM",
        "multiplePYBCodePresent" : "Y",
        "contactEmail" : "swathi.vemula@cvshealth.com",
        "bannerMsg" : "Balance due: <$####> & Add or update your payment method."
      },
      "empty" : null
    }
  }
}
