<response>
    <header>
        <refId>Id-55662459a362080063560300094ab44f</refId>
        <operationName>getRefills</operationName>
        <statusCode>0000</statusCode>
        <statusDesc>Success</statusDesc>
    <refId>Id-55662459a362080063560300094ab44f</refId></header>
    <detail>
        <refillDataList>
            <refillDataMap>
                <memberID>912255005</memberID>
                <refillList>
                    <refill>
                        <actualPrescriberLastName><![CDATA[]]></actualPrescriberLastName>
                        <autoRefill>false</autoRefill>
                        <autoRefillEligible>false</autoRefillEligible>
                        <autoRenew>false</autoRenew>
                        <autoRenewalEligible>false</autoRenewalEligible>
                        <daysSupplyQuantity>90</daysSupplyQuantity>
                        <dispensedQuantitiy>90.0</dispensedQuantitiy>
                        <displayRxNumber>670692503</displayRxNumber>
                        <drug>
                            <actualDrugName>ZOLOFT</actualDrugName>
                            <coldPack>false</coldPack>
                            <controlledSubstance>false</controlledSubstance>
                            <deaClassCode>0</deaClassCode>
                            <drugForm>TAB</drugForm>
                            <drugName>ZOLOFT</drugName>
                            <drugStrength>25MG</drugStrength>
                            <gpiCode>58160070100305</gpiCode>
                            <ndcId>49496030</ndcId>
                            <sensitive>true</sensitive>
                        </drug>
                        <estimatedCost>45</estimatedCost>
                        <expirationDate>2018-04-15T00:00:00-05:00</expirationDate>
                        <lastFillDate>2017-04-16T00:00:00-05:00</lastFillDate>
                        <lastPaid>70.0</lastPaid>
                        <maintenanceChoice>false</maintenanceChoice>
                        <nextFillDate>2017-06-14T00:00:00-05:00</nextFillDate>
                        <onlyAuto>false</onlyAuto>
                        <orderInProgress>false</orderInProgress>
                        <patientName>ARTHUR LEAK</patientName>
                        <payAmount>0.0</payAmount>
                        <prescriberFirstName><![CDATA[]]></prescriberFirstName>
                        <prescriberLastName><![CDATA[]]></prescriberLastName>
                        <prescriberNpiKey><![CDATA[1538456892]]></prescriberNpiKey>
                        <refillStatusInProcess>false</refillStatusInProcess>
                        <refillable>true</refillable>
                        <refillsLeft>3</refillsLeft>
                        <requestable>false</requestable>
                        <rxNumber>670692503</rxNumber>
                        <shippingType>0</shippingType>
                        <status>6</status>
                        <tooSoonToRefill>true</tooSoonToRefill>
                        <transferable>false</transferable>
                    </refill>
                    <refill>
                        <actualPrescriberLastName><![CDATA[]]></actualPrescriberLastName>
                        <autoRefill>false</autoRefill>
                        <autoRefillEligible>true</autoRefillEligible>
                        <autoRenew>true</autoRenew>
                        <autoRenewalEligible>true</autoRenewalEligible>
                        <daysSupplyQuantity>90</daysSupplyQuantity>
                        <dispensedQuantitiy>90.0</dispensedQuantitiy>
                        <displayRxNumber>670692496</displayRxNumber>
                        <drug>
                            <actualDrugName>RANITIDINE</actualDrugName>
                            <coldPack>false</coldPack>
                            <controlledSubstance>false</controlledSubstance>
                            <deaClassCode>0</deaClassCode>
                            <drugForm>CAP</drugForm>
                            <drugName>RANITIDINE</drugName>
                            <drugStrength>150MG</drugStrength>
                            <gpiCode>49200020100105</gpiCode>
                            <ndcId>781285560</ndcId>
                            <sensitive>false</sensitive>
                        </drug>
                        <estimatedCost>45.70</estimatedCost>
                        <expirationDate>2018-01-30T00:00:00-06:00</expirationDate>
                        <lastFillDate>2017-02-27T00:00:00-06:00</lastFillDate>
                        <lastPaid>20.0</lastPaid>
                        <maintenanceChoice>false</maintenanceChoice>
                        <nextFillDate>2017-05-23T00:00:00-05:00</nextFillDate>
                        <onlyAuto>false</onlyAuto>
                        <orderInProgress>false</orderInProgress>
                        <patientName>ARTHUR LEAK</patientName>
                        <payAmount>0.0</payAmount>
                        <prescriberFirstName><![CDATA[]]></prescriberFirstName>
                        <prescriberLastName><![CDATA[]]></prescriberLastName>
                        <prescriberNpiKey><![CDATA[1538456892]]></prescriberNpiKey>
                        <refillStatusInProcess>false</refillStatusInProcess>
                        <refillable>false</refillable>
                        <refillsLeft>0</refillsLeft>
                        <requestable>false</requestable>
                        <rxNumber>670692496</rxNumber>
                        <shippingType>0</shippingType>
                        <status>6</status>
                        <tooSoonToRefill>false</tooSoonToRefill>
                        <transferable>false</transferable>
                    </refill>
                    <refill>
                        <actualPrescriberLastName><![CDATA[]]></actualPrescriberLastName>
                        <autoRefill>true</autoRefill>
                        <autoRefillEligible>true</autoRefillEligible>
                        <autoRenew>true</autoRenew>
                        <autoRenewalEligible>true</autoRenewalEligible>
                        <daysSupplyQuantity>90</daysSupplyQuantity>
                        <dispensedQuantitiy>90.0</dispensedQuantitiy>
                        <displayRxNumber>670692504</displayRxNumber>
                        <drug>
                            <actualDrugName>ABILIFY</actualDrugName>
                            <coldPack>false</coldPack>
                            <controlledSubstance>false</controlledSubstance>
                            <deaClassCode>0</deaClassCode>
                            <drugForm>TAB</drugForm>
                            <drugName>ABILIFY</drugName>
                            <drugStrength>2MG</drugStrength>
                            <gpiCode>59250015000305</gpiCode>
                            <ndcId>59148000613</ndcId>
                            <sensitive>true</sensitive>
                        </drug>
                        <estimatedCost>90.15</estimatedCost>
                        <expirationDate>2018-01-30T00:00:00-06:00</expirationDate>
                        <lastFillDate>2017-03-15T00:00:00-06:00</lastFillDate>
                        <lastPaid>70.0</lastPaid>
                        <maintenanceChoice>false</maintenanceChoice>
                        <onlyAuto>false</onlyAuto>
                        <orderInProgress>false</orderInProgress>
                        <patientName>ARTHUR LEAK</patientName>
                        <payAmount>0.0</payAmount>
                        <prescriberFirstName><![CDATA[]]></prescriberFirstName>
                        <prescriberLastName><![CDATA[]]></prescriberLastName>
                        <prescriberNpiKey><![CDATA[1538456892]]></prescriberNpiKey>
                        <refillStatusInProcess>false</refillStatusInProcess>
                        <refillable>false</refillable>
                        <refillsLeft>0</refillsLeft>
                        <requestable>false</requestable>
                        <rxNumber>670692504</rxNumber>
                        <shippingType>0</shippingType>
                        <status>6</status>
                        <tooSoonToRefill>false</tooSoonToRefill>
                        <transferable>false</transferable>
                    </refill>
                    <refill>
                        <actualPrescriberLastName><![CDATA[]]></actualPrescriberLastName>
                        <autoRefill>false</autoRefill>
                        <autoRefillEligible>true</autoRefillEligible>
                        <autoRenew>false</autoRenew>
                        <autoRenewalEligible>false</autoRenewalEligible>
                        <daysSupplyQuantity>90</daysSupplyQuantity>
                        <dispensedQuantitiy>90.0</dispensedQuantitiy>
                        <displayRxNumber>670692505</displayRxNumber>
                        <drug>
                            <actualDrugName>DETROL</actualDrugName>
                            <coldPack>false</coldPack>
                            <controlledSubstance>false</controlledSubstance>
                            <deaClassCode>0</deaClassCode>
                            <drugForm>TAB</drugForm>
                            <drugName>DETROL</drugName>
                            <drugStrength>1MG</drugStrength>
                            <gpiCode>54100060200320</gpiCode>
                            <ndcId>9454102</ndcId>
                            <sensitive>false</sensitive>
                        </drug>
                        <estimatedCost>66.30</estimatedCost>
                        <expirationDate>2018-01-30T00:00:00-06:00</expirationDate>
                        <lastFillDate>2016-12-28T00:00:00-06:00</lastFillDate>
                        <lastPaid>70.0</lastPaid>
                        <maintenanceChoice>false</maintenanceChoice>
                        <onlyAuto>false</onlyAuto>
                        <orderInProgress>false</orderInProgress>
                        <patientName>ARTHUR LEAK</patientName>
                        <payAmount>0.0</payAmount>
                        <prescriberFirstName><![CDATA[]]></prescriberFirstName>
                        <prescriberLastName><![CDATA[]]></prescriberLastName>
                        <prescriberNpiKey><![CDATA[1538456892]]></prescriberNpiKey>
                        <refillStatusInProcess>false</refillStatusInProcess>
                        <refillable>false</refillable>
                        <refillsLeft>0</refillsLeft>
                        <requestable>true</requestable>
                        <rxNumber>670692505</rxNumber>
                        <shippingType>0</shippingType>
                        <status>6</status>
                        <tooSoonToRefill>false</tooSoonToRefill>
                        <transferable>false</transferable>
                    </refill>
                    <refill>
                        <actualPrescriberLastName><![CDATA[]]></actualPrescriberLastName>
                        <autoRefill>true</autoRefill>
                        <autoRefillEligible>true</autoRefillEligible>
                        <autoRenew>false</autoRenew>
                        <autoRenewalEligible>false</autoRenewalEligible>
                        <daysSupplyQuantity>90</daysSupplyQuantity>
                        <dispensedQuantitiy>90.0</dispensedQuantitiy>
                        <displayRxNumber>670692497</displayRxNumber>
                        <drug>
                            <actualDrugName>NEXIUM</actualDrugName>
                            <coldPack>false</coldPack>
                            <controlledSubstance>false</controlledSubstance>
                            <deaClassCode>0</deaClassCode>
                            <drugForm>CAP</drugForm>
                            <drugName>NEXIUM</drugName>
                            <drugStrength>20MG</drugStrength>
                            <gpiCode>49270025106520</gpiCode>
                            <ndcId>186502054</ndcId>
                            <sensitive>false</sensitive>
                        </drug>
                        <estimatedCost>21.50</estimatedCost>
                        <expirationDate>2018-01-30T00:00:00-06:00</expirationDate>
                        <lastFillDate>2017-01-20T00:00:00-06:00</lastFillDate>
                        <lastPaid>70.0</lastPaid>
                        <maintenanceChoice>false</maintenanceChoice>
                        <nextFillDate>2017-05-23T00:00:00-05:00</nextFillDate>
                        <onlyAuto>false</onlyAuto>
                        <orderInProgress>false</orderInProgress>
                        <patientName>ARTHUR LEAK</patientName>
                        <payAmount>0.0</payAmount>
                        <prescriberFirstName><![CDATA[]]></prescriberFirstName>
                        <prescriberLastName><![CDATA[]]></prescriberLastName>
                        <prescriberNpiKey><![CDATA[1538456892]]></prescriberNpiKey>
                        <refillStatusInProcess>false</refillStatusInProcess>
                        <refillable>false</refillable>
                        <refillsLeft>3</refillsLeft>
                        <requestable>false</requestable>
                        <rxNumber>670692497</rxNumber>
                        <shippingType>0</shippingType>
                        <status>6</status>
                        <tooSoonToRefill>false</tooSoonToRefill>
                        <transferable>false</transferable>
                    </refill>
                    <refill>
                        <actualPrescriberLastName><![CDATA[]]></actualPrescriberLastName>
                        <autoRefill>true</autoRefill>
                        <autoRefillEligible>true</autoRefillEligible>
                        <autoRenew>false</autoRenew>
                        <autoRenewalEligible>false</autoRenewalEligible>
                        <daysSupplyQuantity>90</daysSupplyQuantity>
                        <dispensedQuantitiy>90.0</dispensedQuantitiy>
                        <displayRxNumber>670692492</displayRxNumber>
                        <drug>
                            <actualDrugName>ZETIA</actualDrugName>
                            <coldPack>false</coldPack>
                            <controlledSubstance>false</controlledSubstance>
                            <deaClassCode>0</deaClassCode>
                            <drugForm>TAB</drugForm>
                            <drugName>ZETIA</drugName>
                            <drugStrength>10MG</drugStrength>
                            <gpiCode>39300030000320</gpiCode>
                            <ndcId>66582041431</ndcId>
                            <sensitive>false</sensitive>
                        </drug>
                        <estimatedCost>100.01</estimatedCost>
                        <expirationDate>2018-01-30T00:00:00-06:00</expirationDate>
                        <lastFillDate>2017-04-05T00:00:00-06:00</lastFillDate>
                        <lastPaid>70.0</lastPaid>
                        <maintenanceChoice>false</maintenanceChoice>
                        <nextFillDate>2017-05-23T00:00:00-05:00</nextFillDate>
                        <onlyAuto>false</onlyAuto>
                        <orderInProgress>false</orderInProgress>
                        <patientName>ARTHUR LEAK</patientName>
                        <payAmount>0.0</payAmount>
                        <prescriberFirstName><![CDATA[]]></prescriberFirstName>
                        <prescriberLastName><![CDATA[]]></prescriberLastName>
                        <prescriberNpiKey><![CDATA[1538456892]]></prescriberNpiKey>
                        <refillStatusInProcess>true</refillStatusInProcess>
                        <refillable>true</refillable>
                        <refillsLeft>3</refillsLeft>
                        <requestable>false</requestable>
                        <rxNumber>670692492</rxNumber>
                        <shippingType>0</shippingType>
                        <status>6</status>
                        <tooSoonToRefill>false</tooSoonToRefill>
                        <transferable>false</transferable>
                    </refill>
                    <refill>
                        <actualPrescriberLastName><![CDATA[]]></actualPrescriberLastName>
                        <autoRefill>false</autoRefill>
                        <autoRefillEligible>true</autoRefillEligible>
                        <autoRenew>true</autoRenew>
                        <autoRenewalEligible>true</autoRenewalEligible>
                        <daysSupplyQuantity>90</daysSupplyQuantity>
                        <dispensedQuantitiy>90.0</dispensedQuantitiy>
                        <displayRxNumber>670692500</displayRxNumber>
                        <drug>
                            <actualDrugName>PROZAC</actualDrugName>
                            <coldPack>true</coldPack>
                            <controlledSubstance>false</controlledSubstance>
                            <deaClassCode>0</deaClassCode>
                            <drugForm>CAP</drugForm>
                            <drugName>PROZAC</drugName>
                            <drugStrength>10MG</drugStrength>
                            <gpiCode>58160040000110</gpiCode>
                            <ndcId>777310402</ndcId>
                            <sensitive>false</sensitive>
                        </drug>
                        <estimatedCost>134.05</estimatedCost>
                        <expirationDate>2018-01-30T00:00:00-06:00</expirationDate>
                        <lastFillDate>2017-05-11T00:00:00-06:00</lastFillDate>
                        <lastPaid>70.0</lastPaid>
                        <maintenanceChoice>false</maintenanceChoice>
                        <nextFillDate>2017-05-23T00:00:00-05:00</nextFillDate>
                        <onlyAuto>false</onlyAuto>
                        <orderInProgress>false</orderInProgress>
                        <patientName>ARTHUR LEAK</patientName>
                        <payAmount>0.0</payAmount>
                        <prescriberFirstName><![CDATA[]]></prescriberFirstName>
                        <prescriberLastName><![CDATA[]]></prescriberLastName>
                        <prescriberNpiKey><![CDATA[1538456892]]></prescriberNpiKey>
                        <refillStatusInProcess>false</refillStatusInProcess>
                        <refillable>true</refillable>
                        <refillsLeft>3</refillsLeft>
                        <requestable>false</requestable>
                        <rxNumber>670692500</rxNumber>
                        <shippingType>0</shippingType>
                        <status>6</status>
                        <tooSoonToRefill>false</tooSoonToRefill>
                        <transferable>false</transferable>
                    </refill>
                    <refill>
                        <actualPrescriberLastName><![CDATA[]]></actualPrescriberLastName>
                        <autoRefill>false</autoRefill>
                        <autoRefillEligible>true</autoRefillEligible>
                        <autoRenew>false</autoRenew>
                        <autoRenewalEligible>false</autoRenewalEligible>
                        <daysSupplyQuantity>90</daysSupplyQuantity>
                        <dispensedQuantitiy>90.0</dispensedQuantitiy>
                        <displayRxNumber>670692501</displayRxNumber>
                        <drug>
                            <actualDrugName>CRESTOR</actualDrugName>
                            <coldPack>false</coldPack>
                            <controlledSubstance>false</controlledSubstance>
                            <deaClassCode>0</deaClassCode>
                            <drugForm>TAB</drugForm>
                            <drugName>CRESTOR</drugName>
                            <drugStrength>5MG</drugStrength>
                            <gpiCode>39400060100305</gpiCode>
                            <ndcId>310075590</ndcId>
                            <sensitive>false</sensitive>
                        </drug>
                         <estimatedCost>80.50</estimatedCost>
                        <expirationDate>2018-01-30T00:00:00-06:00</expirationDate>
                        <lastFillDate>2017-01-17T00:00:00-06:00</lastFillDate>
                        <lastPaid>70.0</lastPaid>
                        <maintenanceChoice>false</maintenanceChoice>
                        <nextFillDate>2017-05-23T00:00:00-05:00</nextFillDate>
                        <onlyAuto>false</onlyAuto>
                        <orderInProgress>false</orderInProgress>
                        <patientName>ARTHUR LEAK</patientName>
                        <payAmount>0.0</payAmount>
                        <prescriberFirstName><![CDATA[]]></prescriberFirstName>
                        <prescriberLastName><![CDATA[]]></prescriberLastName>
                        <prescriberNpiKey><![CDATA[1538456892]]></prescriberNpiKey>
                        <refillStatusInProcess>false</refillStatusInProcess>
                        <refillable>true</refillable>
                        <refillsLeft>3</refillsLeft>
                        <requestable>false</requestable>
                        <rxNumber>670692501</rxNumber>
                        <shippingType>0</shippingType>
                        <status>6</status>
                        <tooSoonToRefill>false</tooSoonToRefill>
                        <transferable>false</transferable>
                    </refill>
                    <refill>
                        <actualPrescriberLastName><![CDATA[]]></actualPrescriberLastName>
                        <autoRefill>false</autoRefill>
                        <autoRefillEligible>false</autoRefillEligible>
                        <autoRenew>false</autoRenew>
                        <autoRenewalEligible>false</autoRenewalEligible>
                        <daysSupplyQuantity>90</daysSupplyQuantity>
                        <dispensedQuantitiy>90.0</dispensedQuantitiy>
                        <displayRxNumber>670692502</displayRxNumber>
                        <drug>
                            <actualDrugName>ACTOS</actualDrugName>
                            <coldPack>false</coldPack>
                            <controlledSubstance>false</controlledSubstance>
                            <deaClassCode>0</deaClassCode>
                            <drugForm>TAB</drugForm>
                            <drugName>ACTOS</drugName>
                            <drugStrength>30MG</drugStrength>
                            <gpiCode>27607050100330</gpiCode>
                            <ndcId>64764030115</ndcId>
                            <sensitive>false</sensitive>
                        </drug>
                        <estimatedCost/>
                        <expirationDate>2018-04-15T00:00:00-05:00</expirationDate>
                        <lastFillDate>2017-04-16T00:00:00-05:00</lastFillDate>
                        <lastPaid>70.0</lastPaid>
                        <maintenanceChoice>false</maintenanceChoice>
                        <nextFillDate>2017-06-14T00:00:00-05:00</nextFillDate>
                        <onlyAuto>false</onlyAuto>
                        <orderInProgress>false</orderInProgress>
                        <patientName>ARTHUR LEAK</patientName>
                        <payAmount>0.0</payAmount>
                        <prescriberFirstName><![CDATA[]]></prescriberFirstName>
                        <prescriberLastName><![CDATA[]]></prescriberLastName>
                        <prescriberNpiKey><![CDATA[1538456892]]></prescriberNpiKey>
                        <refillStatusInProcess>false</refillStatusInProcess>
                        <refillable>true</refillable>
                        <refillsLeft>3</refillsLeft>
                        <requestable>false</requestable>
                        <rxNumber>670692502</rxNumber>
                        <shippingType>0</shippingType>
                        <status>6</status>
                        <tooSoonToRefill>true</tooSoonToRefill>
                        <transferable>false</transferable>
                    </refill>
                </refillList>
            </refillDataMap>
        </refillDataList>
    </detail>
</response>