<response>
    <header>
        <refId>Id-e8391754751f00005816000028c5b8e0</refId>
        <operationName>getShippingAndPaymentInformation</operationName>
        <statusCode>0000</statusCode>
        <statusDesc>Success</statusDesc>
    </header>
    <detail>
        <ShippingAndPaymentsResponse>
            <AccountBalance>0.0</AccountBalance>
            <hasPendingOrder>false</hasPendingOrder>
            <AddressList>
                <Address>
                    <AddressID>497720003</AddressID>
                    <Line1><![CDATA[417 DRIVE ROAD]]></Line1>
                    <Line2><![CDATA[]]></Line2>
                    <City><![CDATA[SPRINGFIELD]]></City>
                    <State><![CDATA[IL]]></State>
                    <ZipCode>62701</ZipCode>
                    <ZipCodeSuffix></ZipCodeSuffix>
                    <UsageTypeCode>1</UsageTypeCode>
                </Address>
                 <Address>
                    <AddressID>497720004</AddressID>
                    <Line1><![CDATA[418 DRIVE ROAD]]></Line1>
                    <Line2><![CDATA[]]></Line2>
                    <City><![CDATA[SPRINGFIELD]]></City>
                    <State><![CDATA[IL]]></State>
                    <ZipCode>62708</ZipCode>
                    <ZipCodeSuffix></ZipCodeSuffix>
                    <UsageTypeCode>1</UsageTypeCode>
                </Address>

            </AddressList>
            <ShippingMethodList>
                <ShippingMethod>
                    <ShippingCode><![CDATA[B]]></ShippingCode>
                    <Description><![CDATA[BEST METHOD]]></Description>
                    <ShippingCost>0.0</ShippingCost>
                </ShippingMethod>
                <ShippingMethod>
                    <ShippingCode><![CDATA[D]]></ShippingCode>
                    <Description><![CDATA[URGENT NEXT DAY]]></Description>
                    <ShippingCost>23.0</ShippingCost>
                </ShippingMethod>
                <ShippingMethod>
                    <ShippingCode><![CDATA[J]]></ShippingCode>
                    <Description><![CDATA[2 DAY DELIVERY]]></Description>
                    <ShippingCost>17.0</ShippingCost>
                </ShippingMethod>
                <ShippingMethod>
                    <ShippingCode><![CDATA[C]]></ShippingCode>
                    <Description><![CDATA[CUSTPICKUP/MISC]]></Description>
                    <ShippingCost>0.0</ShippingCost>
                </ShippingMethod>
                <ShippingMethod>
                    <ShippingCode><![CDATA[M]]></ShippingCode>
                    <Description><![CDATA[1ST CLASS]]></Description>
                    <ShippingCost>0.0</ShippingCost>
                </ShippingMethod>
                <ShippingMethod>
                    <ShippingCode><![CDATA[E]]></ShippingCode>
                    <Description><![CDATA[EXPRESS MAIL]]></Description>
                    <ShippingCost>0.0</ShippingCost>
                </ShippingMethod>
                <ShippingMethod>
                    <ShippingCode><![CDATA[F]]></ShippingCode>
                    <Description><![CDATA[FED EX]]></Description>
                    <ShippingCost>0.0</ShippingCost>
                </ShippingMethod>
                <ShippingMethod>
                    <ShippingCode><![CDATA[3]]></ShippingCode>
                    <Description><![CDATA[FED EX HOME]]></Description>
                    <ShippingCost>0.0</ShippingCost>
                </ShippingMethod>
                <ShippingMethod>
                    <ShippingCode><![CDATA[G]]></ShippingCode>
                    <Description><![CDATA[FED EX 2ND DAY]]></Description>
                    <ShippingCost>0.0</ShippingCost>
                </ShippingMethod>
                <ShippingMethod>
                    <ShippingCode><![CDATA[H]]></ShippingCode>
                    <Description><![CDATA[FED EX OVRNIGHT]]></Description>
                    <ShippingCost>0.0</ShippingCost>
                </ShippingMethod>
                <ShippingMethod>
                    <ShippingCode><![CDATA[L]]></ShippingCode>
                    <Description><![CDATA[FEDEX GROUND]]></Description>
                    <ShippingCost>0.0</ShippingCost>
                </ShippingMethod>
                <ShippingMethod>
                    <ShippingCode><![CDATA[I]]></ShippingCode>
                    <Description><![CDATA[INTEROFFICE]]></Description>
                    <ShippingCost>0.0</ShippingCost>
                </ShippingMethod>
                <ShippingMethod>
                    <ShippingCode><![CDATA[K]]></ShippingCode>
                    <Description><![CDATA[SURE POST]]></Description>
                    <ShippingCost>0.0</ShippingCost>
                </ShippingMethod>
                <ShippingMethod>
                    <ShippingCode><![CDATA[N]]></ShippingCode>
                    <Description><![CDATA[CERTIFIED MAIL]]></Description>
                    <ShippingCost>0.0</ShippingCost>
                </ShippingMethod>
                <ShippingMethod>
                    <ShippingCode><![CDATA[O]]></ShippingCode>
                    <Description><![CDATA[UPS OVERNIGHT]]></Description>
                    <ShippingCost>0.0</ShippingCost>
                </ShippingMethod>
                <ShippingMethod>
                    <ShippingCode><![CDATA[P]]></ShippingCode>
                    <Description><![CDATA[PRIORITY MAIL]]></Description>
                    <ShippingCost>0.0</ShippingCost>
                </ShippingMethod>
                <ShippingMethod>
                    <ShippingCode><![CDATA[Q]]></ShippingCode>
                    <Description><![CDATA[USPS]]></Description>
                    <ShippingCost>0.0</ShippingCost>
                </ShippingMethod>
                <ShippingMethod>
                    <ShippingCode><![CDATA[R]]></ShippingCode>
                    <Description><![CDATA[COURIER]]></Description>
                    <ShippingCost>0.0</ShippingCost>
                </ShippingMethod>
                <ShippingMethod>
                    <ShippingCode><![CDATA[S]]></ShippingCode>
                    <Description><![CDATA[SUPERBATCH]]></Description>
                    <ShippingCost>0.0</ShippingCost>
                </ShippingMethod>
                <ShippingMethod>
                    <ShippingCode><![CDATA[T]]></ShippingCode>
                    <Description><![CDATA[UPS 2ND DAY]]></Description>
                    <ShippingCost>0.0</ShippingCost>
                </ShippingMethod>
                <ShippingMethod>
                    <ShippingCode><![CDATA[U]]></ShippingCode>
                    <Description><![CDATA[UPS]]></Description>
                    <ShippingCost>0.0</ShippingCost>
                </ShippingMethod>
                <ShippingMethod>
                    <ShippingCode><![CDATA[V]]></ShippingCode>
                    <Description><![CDATA[UPS NXT DY SAVR]]></Description>
                    <ShippingCost>0.0</ShippingCost>
                </ShippingMethod>
                <ShippingMethod>
                    <ShippingCode><![CDATA[Y]]></ShippingCode>
                    <Description><![CDATA[DHL NEXT DAY]]></Description>
                    <ShippingCost>0.0</ShippingCost>
                </ShippingMethod>
                <ShippingMethod>
                    <ShippingCode><![CDATA[W]]></ShippingCode>
                    <Description><![CDATA[DHL 2ND DAY]]></Description>
                    <ShippingCost>0.0</ShippingCost>
                </ShippingMethod>
                <ShippingMethod>
                    <ShippingCode><![CDATA[Z]]></ShippingCode>
                    <Description><![CDATA[DHL GROUND]]></Description>
                    <ShippingCost>0.0</ShippingCost>
                </ShippingMethod>
                <ShippingMethod>
                    <ShippingCode><![CDATA[X]]></ShippingCode>
                    <Description><![CDATA[STANDARD MAIL]]></Description>
                    <ShippingCost>0.0</ShippingCost>
                </ShippingMethod>
                <ShippingMethod>
                    <ShippingCode><![CDATA[A]]></ShippingCode>
                    <Description><![CDATA[MAIL INNOVATION]]></Description>
                    <ShippingCost>0.0</ShippingCost>
                </ShippingMethod>
            </ShippingMethodList>
            <ElectronicPaymentAccountList>
                <ElectronicPaymentAccount>
                    <ElectronicPaymentAccountID>500122730</ElectronicPaymentAccountID>
                    <ElectronicPaymentAccountType>CC</ElectronicPaymentAccountType>
                    <CreditCardNumber></CreditCardNumber>
                    <ExpirationDate>5/2016</ExpirationDate>
                    <PreferredAccount>false</PreferredAccount>
                    <AccountName><![CDATA[DISC-1111]]></AccountName>
                    <PaymentTypeCode>24</PaymentTypeCode>
                    <ExclusivityIndicatorCode>2</ExclusivityIndicatorCode>
                    <PreferredIndicatorCode>4</PreferredIndicatorCode>
                    <FsaIndicatorCode>1</FsaIndicatorCode>
                    <FsaCodeTwo>false</FsaCodeTwo>
                </ElectronicPaymentAccount>
              <ElectronicPaymentAccount>
                    <ElectronicPaymentAccountID>500122948</ElectronicPaymentAccountID>
                    <ElectronicPaymentAccountType>CC</ElectronicPaymentAccountType>
                    <CreditCardNumber></CreditCardNumber>
                    <ExpirationDate>8/2018</ExpirationDate>
                    <PreferredAccount>false</PreferredAccount>
                    <AccountName><![CDATA[DISC-1881]]></AccountName>
                    <PaymentTypeCode>14</PaymentTypeCode>
                    <ExclusivityIndicatorCode>1</ExclusivityIndicatorCode>
                    <PreferredIndicatorCode>4</PreferredIndicatorCode>
                    <FsaIndicatorCode>1</FsaIndicatorCode>
                    <FsaCodeTwo>false</FsaCodeTwo>
                </ElectronicPaymentAccount>
                <ElectronicPaymentAccount>
                    <ElectronicPaymentAccountID>500122948</ElectronicPaymentAccountID>
                    <ElectronicPaymentAccountType>ECP</ElectronicPaymentAccountType>
                    <CreditCardNumber></CreditCardNumber>
                    <ExpirationDate>8/2018</ExpirationDate>
                    <PreferredAccount>false</PreferredAccount>
                    <AccountName><![CDATA[DISC-1881]]></AccountName>
                    <PaymentTypeCode>7</PaymentTypeCode>
                    <ExclusivityIndicatorCode>1</ExclusivityIndicatorCode>
                    <PreferredIndicatorCode>4</PreferredIndicatorCode>
                    <FsaIndicatorCode>1</FsaIndicatorCode>
                    <FsaCodeTwo>false</FsaCodeTwo>
                </ElectronicPaymentAccount>
            </ElectronicPaymentAccountList>
        </ShippingAndPaymentsResponse>
    </detail>
</response>
