{
	"resolveOnHoldOrderIssuesResponse": {
		"header" : {
			"statusCode" : "0000"
		},
		"$schema": "http://json-schema.org/draft-04/schema#",
		"type": "object",
		"properties": {
			"statusCd": {
				"type": "integer"
			},
			"faultInformation": {
				"type": "array",
				"items": {
					"type": "object",
					"properties": {
						"severityCode": {
							"type": "string"
						},
						"failedSystem": {
							"type": "string"
						},
						"errorCode": {
							"type": "string"
						},
						"sourceSystem": {
							"type": "string"
						},
						"statusMsg": {
							"type": "string"
						}
						}
					}
				},

			"detailMessage":{
				"type": "string"
			},
			"stackTrace": {
				"type": ["array","null"]
			},
			"systemMessages": {
				"type": "array",
				"items": {
					"type": "object",
					"properties": {
						"severity": {
							"type": "string"
						},
						"messageID": {
							"type": "string"
						},
						"typeCode": {
							"type": "string"
						},
						"shortText": {
							"type": "string"
						},
						"message": {
							"type": "string"
						}
						}
					}
				},

			"stackTraceString": {
				"type": "string"
			},
			"alreadyLogged": {
				"type": "string"
			},
			"trackingNumber": {
				"type": "integer"
			},
			"timeZone": {
				"type": "string"
			},
			"requestedOrderStatus": {
				"type": ["string","null"]
			},
			"orderNumber": {
				"type": ["string","null"]
			}

		}
	}
}
