{
  "response" : {
    "header" : {
      "statusCode" : "9999",
      "statusDesc" : "SUCCESS",
      "refId" : "Id-d710b95a4f501629f2f11eda"
    },
    "response" : {
      "status" : "0",
      "orderConsentConfirmations" : {
        "orderNumber" : "0",
        "orderLineNum" : "0",
        "rxNumber" : "674522270   ",
        "rxVersion" : "0",
        "stored" : "true",
        "errorMessage" : "RX NOT IN SCH                 ",
        "sqlResponse" : "MOR-E1392-"
      }
    }
  }
}